build_id,commit,pull_req,branch,status,duration,started_at,jobs,event_type
29360594,03132ce5af45c36f8d997c7759b0df214b961203,,master,failed,2222,2014-07-07 21:32:27 UTC,29360595,29360596,push
29090379,b3318b67f5d56154af1fd7bfe1f5def79082dee2,675,master,failed,2103,2014-07-03 19:49:47 UTC,29090380,29090381,pull_request
28256448,87702f26bb0e73759a9cd2b2d3bbf0578556e204,,master,failed,2099,2014-06-23 20:17:20 UTC,28256449,28256450,push
28058291,b3dc9df8101c694a996fab663842feb942bb9bb6,665,master,failed,2144,2014-06-20 16:42:43 UTC,28058292,28058293,pull_request
27941014,63f080f57b3aa98202dc308fa3bafa8bee7eacbc,,master,errored,3794,2014-06-19 09:52:55 UTC,27941015,27941016,push
27735436,97256d451044fb480db3767149a34f60c2261298,663,master,errored,3723,2014-06-17 01:31:36 UTC,27735437,27735438,pull_request
27573044,7dc4a5f5752167bedd1c0862b495824e15af600b,663,master,errored,4202,2014-06-14 16:25:40 UTC,27573045,27573046,pull_request
27565724,45dcaf87fe79e3bce81af82b0f6dfd3feb5cea9b,663,master,errored,3640,2014-06-14 13:47:29 UTC,27565725,27565726,pull_request
27374706,177dd6a782a7b70720d4aa1d078d45f5ff98a895,,master,errored,3825,2014-06-12 05:05:58 UTC,27374707,27374708,push
26322215,848ba67b98395197b4e04aa5460157a3664e19cc,653,master,errored,4077,2014-05-29 18:11:55 UTC,26322216,26322217,pull_request
23528879,da4cf9d4a5708a8b49c2f0512099be2f761b290c,,master,errored,4169,2014-04-22 18:16:06 UTC,23528880,23528881,push
23528798,e38ed5d2bb84dc5a59ef1606a38b9a2c9d4ec8ea,,master,errored,4087,2014-04-22 17:41:35 UTC,23528799,23528800,push
23528753,b557e71eb15f87cf1d21b5d945258611d200b013,,master,errored,3882,2014-04-22 17:41:06 UTC,23528754,23528755,push
23528307,5753ca7f219da32a3a53a6a18139a17f79ddcbda,,master,errored,3916,2014-04-22 17:36:01 UTC,23528308,23528309,push
23516733,bca540ad878e1467ef31ef2938d211843707fbfa,,master,errored,69,2014-04-22 15:05:02 UTC,23516734,23516735,push
23504553,2e95501a68138c299bc4321a7cd067ef44f89e8d,632,master,errored,3938,2014-04-22 12:31:30 UTC,23504554,23504555,pull_request
23473051,ecae53bd11f75195f028aa55409890a82500dce7,,master,errored,3883,2014-04-22 01:27:29 UTC,23473052,23473053,push
23460683,5d2ac0269ed5663ce5a9545949e63e7afd03134d,,master,errored,4060,2014-04-21 21:15:26 UTC,23460684,23460685,push
23314474,67c11d3ccc4f3f45123a2b12287bdc8bcdd28f55,,master,errored,3652,2014-04-18 23:27:07 UTC,23314475,23314476,push
23300456,960df9ab0b6d0185f2a45cfe12a976e1903ff9f8,,master,errored,3796,2014-04-18 19:12:47 UTC,23300457,23300458,push
23236521,55de01a3c038f078877d930827376907e9c68ca3,,master,errored,3944,2014-04-17 20:39:47 UTC,23236522,23236523,push
23228185,b962e70995fd71881b2f8ca4a3646d617b0ffc3a,,master,errored,2391,2014-04-17 18:43:14 UTC,23228186,23228187,push
23224015,d26e109365615e5d6f92cee966b105b31a1aa831,,master,errored,3868,2014-04-17 17:42:28 UTC,23224016,23224017,push
23113188,38b85bc2f9bcfd24947c80fb51c229c3de12facb,,master,errored,3708,2014-04-16 11:34:15 UTC,23113189,23113190,push
22920232,fe33219da8a2e1f362dfe6301db8ccfa1c1eb998,627,master,errored,3803,2014-04-14 02:28:45 UTC,22920233,22920234,pull_request
22656872,c26cd982b1dc5ba792ee7a63af59887bd8b08223,,master,errored,3894,2014-04-10 01:05:43 UTC,22656873,22656874,push
22313690,19e1194b2ff53a7c4c6b3bf6534feb2d139fe79f,624,master,errored,3627,2014-04-05 00:14:36 UTC,22313691,22313692,pull_request
22153814,5a45d376486f74fc49f3c1b4ec07061eb73af23d,,master,errored,3736,2014-04-03 02:29:22 UTC,22153815,22153816,push
22081120,8f59a056c20a971eafad8d1d2b3a18f1cde6158c,620,master,errored,3387,2014-04-02 06:51:46 UTC,22081121,22081122,pull_request
21857796,baeb9b53854cbc6d38f9744cd4f57db23ca72315,,master,errored,3293,2014-03-30 03:47:46 UTC,21857797,21857798,push
21535989,82bff4835a6320a4749fdf377986c9e4929125fa,617,master,errored,3683,2014-03-25 19:47:36 UTC,21535990,21535991,pull_request
21254421,0c596ddd70ff1f3b7a6b8e5c75eb96f74ec93f95,614,master,errored,3666,2014-03-21 14:08:56 UTC,21254422,21254423,pull_request
21106678,fb5d8a543dc6ba3af898358c9094eed288c86c8a,,master,errored,3825,2014-03-19 15:54:45 UTC,21106679,21106680,push
20652580,d5c1d7dc276fa01f9f08009102c6fe3fe5ab5958,609,master,errored,104,2014-03-13 00:10:47 UTC,20652581,20652582,pull_request
20170184,a4ce80e1519dc7641bdc72eafafcbf639f399932,605,master,errored,2426,2014-03-05 22:33:25 UTC,20170185,20170186,pull_request
19664870,5c972cf72071d367c6510355ded0ce17b8702893,,master,errored,3513,2014-02-26 16:39:05 UTC,19664871,19664872,push
19641569,28df6d41ac0b581e2b560a495c01ba2af15006e8,,master,errored,6006,2014-02-26 10:26:49 UTC,19641570,19641571,push
19641162,afee26ff1f8b69622e709ec8a4cf01d1d304d84b,,master,errored,4081,2014-02-26 10:17:49 UTC,19641163,19641164,push
19615680,862becb4dc94e1a3094a5a5a65445b9459a1c00d,602,master,errored,5214,2014-02-25 22:54:32 UTC,19615682,19615684,pull_request
19549095,44e117dacf6f8922df8e593fafbd87437ebd99aa,,master,errored,4452,2014-02-25 03:14:03 UTC,19549096,19549097,push
18258721,a901c29c4e5703c8b2656348432833774fe55903,582,master,errored,3532,2014-02-05 09:42:29 UTC,18258722,18258725,pull_request
18134181,97eaf4eb220b3606294edf20b8b23744aee7213b,581,master,errored,6006,2014-02-03 15:21:10 UTC,18134182,18134183,pull_request
18133306,b4ad2f72c5dc7aa3875aa8599c22eca5fbba5498,579,master,failed,2188,2014-02-03 15:06:57 UTC,18133307,18133308,pull_request
17464939,a68dce2d22e5c7e2fc307a9e100829c736a45a43,,master,errored,6004,2014-01-23 09:02:20 UTC,17464940,17464941,push
17045201,902237a70341bbf77feaddb3ce0dac4269b8cc7f,,master,errored,5832,2014-01-16 06:46:56 UTC,17045202,17045203,push
17015408,f0588654e49176d2a6a3bd5cd5cd7754b1f642d6,377,master,errored,6004,2014-01-15 19:15:54 UTC,17015409,17015410,pull_request
16970916,1c3eb1860b64b0945af60bec24cf2ef798ea5d9b,,master,errored,3454,2014-01-15 01:49:09 UTC,16970917,16970918,push
16870525,67454e0081a90154efab662ea5a0f35ad754142e,,master,errored,4182,2014-01-13 14:46:03 UTC,16870526,16870527,push
16567150,6b71d033e734ea7c2b7c560173b112318bb22bfa,,master,errored,4511,2014-01-08 02:49:26 UTC,16567151,16567152,push
16530084,bd79ff2adc69d0fbcc740642dd4849e7f8609d64,377,master,errored,6004,2014-01-07 15:14:35 UTC,16530085,16530086,pull_request
15973305,4b4fecb0fac69fdee5979b2da5b2cc0b1da2259c,,master,errored,4043,2013-12-26 00:00:28 UTC,15973306,15973307,push
15925985,eeca571ff4bb6da5d3a4e9b52cb262e312fe92eb,377,master,errored,6005,2013-12-24 11:19:16 UTC,15925986,15925987,pull_request
15914559,b45c5cebd1421303ca28d3f92aad4600503bb818,,master,errored,5978,2013-12-24 02:01:04 UTC,15914560,15914561,push
15914452,eb9ec91b409fe7a0bf0dd2f3569ea57db2e5ea46,,master,errored,6004,2013-12-24 01:57:29 UTC,15914453,15914454,push
15908381,ef5a13638aee552501c7cc76a03f382b12f8a221,,master,errored,4479,2013-12-23 22:41:05 UTC,15908382,15908383,push
15905075,034750dd1bb71e5084487c98abd8714c208382e3,,master,errored,6005,2013-12-23 21:23:50 UTC,15905076,15905077,push
15902706,b7e918a8cc0c1080700136d484c3901b2c235176,,master,errored,4512,2013-12-23 20:27:10 UTC,15902707,15902708,push
15804798,2cd3aed74079cc5b5206e2c387b2cfcde5dbb4e2,,master,errored,6004,2013-12-21 04:51:14 UTC,15804799,15804800,push
15758751,5752140a81bbfe1871db2eba96f7cb8497963c50,,master,errored,4053,2013-12-20 09:52:43 UTC,15758752,15758753,push
15758145,ec9abdf20aa46d53bd289d03095cbcce19523e28,,master,errored,6005,2013-12-20 09:36:45 UTC,15758146,15758147,push
15743092,891801754393a640e7233485e524821d23aaa765,,master,errored,6004,2013-12-20 00:33:01 UTC,15743093,15743094,push
15687083,5f8dbdb71898c63217ced1bcfe1c86b330ccbd18,,master,errored,4019,2013-12-19 03:48:17 UTC,15687084,15687085,push
15679157,b58a9da902f40515e2829bec6c164d250820d4fc,532,master,errored,6004,2013-12-18 23:46:26 UTC,15679158,15679159,pull_request
15587596,afb73d6538dc7e8c2c420e5825d3629f60bef50d,,master,errored,6004,2013-12-17 14:43:59 UTC,15587597,15587598,push
15545564,2f7f739ff4120c674f7ab3486dfa6ecfce872265,377,master,errored,4580,2013-12-16 20:14:44 UTC,15545565,15545566,pull_request
15324147,10f5603e6ba64964d7647264e6c78d615a0423f6,519,master,errored,1851,2013-12-12 04:42:28 UTC,15324148,15324149,pull_request
14965212,12e1a1e6fbe007ebe39da7eabcaeda993c51e56c,,master,errored,5981,2013-12-05 05:31:06 UTC,14965213,14965214,push
14959094,f378a54e5743a30fb99cdf512000b369a19bb33d,513,master,errored,5950,2013-12-05 01:47:44 UTC,14959095,14959096,pull_request
14947941,999c34aa9e31bb11d9aebbf7ccdd1d3ca3f1bb34,512,master,errored,4575,2013-12-04 21:47:12 UTC,14947942,14947943,pull_request
14895984,7bb3f9ddd6d2eb04b56b07c4125f47dfabdf61ca,,master,errored,4851,2013-12-03 23:37:57 UTC,14895985,14895986,push
14724380,bfe52c74cfea47d90fb437eb36f61668653f18e1,372,master,errored,476,2013-11-30 02:42:57 UTC,14724381,14724382,pull_request
14466499,99457fd44b93ad64678dc4ff9fcf492b0b0fed56,,master,passed,5847,2013-11-24 23:39:54 UTC,14466500,14466501,push
14442057,377ffbbe1496fed78104c7a94695660ead522a46,,master,failed,1689,2013-11-24 09:37:33 UTC,14442058,14442059,push
14438385,bac19786374aa6a436a4ba1d337f8697a6655ab5,,master,failed,4015,2013-11-24 06:20:05 UTC,14438386,14438387,push
14434855,0eda1f3cddcd5e70c2c6b12eaadb97a97f936443,,master,passed,5760,2013-11-24 02:43:48 UTC,14434856,14434857,push
14434488,2f1617fec0bbc171691003476c26c0c0bcea2a16,,master,passed,5760,2013-11-24 02:21:59 UTC,14434489,14434490,push
14290661,b4940b39ae274633ee133fd2f7ea4175628eeaff,,master,errored,4458,2013-11-21 03:37:27 UTC,14290662,14290663,push
14289955,c97601a4a298da0c1ba8184d223890a819cbcd27,,master,failed,3189,2013-11-21 03:14:35 UTC,14289956,14289957,push
14224659,06755bf3468ec82dea3743722f472e435784e0ba,,master,errored,6005,2013-11-19 22:57:30 UTC,14224660,14224661,push
14187860,674dd4cbecdbfd164308d73430f045723fffc9ca,,master,errored,6006,2013-11-19 09:35:40 UTC,14187861,14187862,push
14187301,a14571176dfcc331d23c0a992fa70e408e45c76a,,master,errored,5842,2013-11-19 09:18:23 UTC,14187302,14187303,push
14174635,1887ef9281ab0b8545dba45214b1a365b0dd79bc,,master,failed,4021,2013-11-19 01:40:30 UTC,14174636,14174637,push
14168668,9c539d8c363aa8d2766eb16cf3944539bd4b76da,,master,errored,4164,2013-11-18 23:10:39 UTC,14168669,14168670,push
14099247,b4ade652997dd1d07ca1026cfec57260346dd941,,master,passed,5645,2013-11-17 14:54:22 UTC,14099248,14099249,push
14060422,a146d980a7d5f61b55acd5bbdd4fc2cf733e3c61,,master,failed,4127,2013-11-16 09:30:48 UTC,14060423,14060424,push
14059705,d5e9a62f8ddd959ec555af0423045b4ed2423ddd,,master,passed,5506,2013-11-16 08:56:39 UTC,14059706,14059707,push
14057406,eb382506483388f95bb7957ede056d3c0eb12b9d,,master,passed,5615,2013-11-16 06:14:42 UTC,14057407,14057408,push
14045500,5aedfbefaa579547da6be93b43594330ab161644,,master,errored,4714,2013-11-15 22:05:46 UTC,14045501,14045502,push
14045197,211df932f15aead56a5f7cc18f1a13d18507a45c,,master,errored,451,2013-11-15 22:00:32 UTC,14045198,14045199,push
14043317,9b59abf43a3bff8f8ab453d93fc787b2f2e0c672,,master,errored,419,2013-11-15 21:08:59 UTC,14043318,14043319,push
14031595,79d74e43aeb8837f5b795647b62fed4431f74ffc,,master,errored,443,2013-11-15 16:48:41 UTC,14031596,14031597,push
14015087,4831fac23c54c29e900ce852dbb72f25df289270,,master,errored,400,2013-11-15 09:57:05 UTC,14015088,14015089,push
14014489,837849994b34e39f799861a81077005e490778ea,,master,errored,471,2013-11-15 09:39:21 UTC,14014490,14014491,push
14000558,c312bb7dd7c42a6bd662cc4e953b4abcb2af66bb,,master,errored,2173,2013-11-15 00:04:34 UTC,14000559,14000560,push
13928301,eb5b7c6d95ee752ba7e9643c1445452ed64d0fff,,master,errored,2213,2013-11-13 18:43:02 UTC,13928303,13928304,push
13894463,3ee76763baa179dbe77d6f4855aae266ba557b3b,,master,errored,2186,2013-11-13 03:24:35 UTC,13894464,13894465,push
13886665,727dcc0cc89b46a3697df24bdaa4e70f0c34470d,377,master,errored,2104,2013-11-12 23:47:39 UTC,13886666,13886667,pull_request
13832284,8dc47a327a10f167a618d11b74823d1b0b07e7a5,,master,errored,2184,2013-11-11 23:29:45 UTC,13832285,13832286,push
13826114,d56267d3f843d3d8794ddf9ab69f8d6d501efe81,,master,errored,2147,2013-11-11 20:59:32 UTC,13826115,13826116,push
13825773,ee60a8dd80255dcd81df70d051c12d58b68b5fb6,,master,errored,2048,2013-11-11 20:53:12 UTC,13825774,13825775,push
13821747,da6853c30841021e3db8d3a6b724c9807f5bd6f9,477,master,errored,2256,2013-11-11 19:32:17 UTC,13821748,13821749,pull_request
13751349,996f18c029228ea12e140610ecf91ef94ee27641,,master,errored,2148,2013-11-10 02:30:05 UTC,13751350,13751351,push
13749892,387c16ea05ef9fa312f37139228d2bbf61455ff4,,master,errored,1947,2013-11-10 01:20:34 UTC,13749893,13749894,push
13749845,a3a3aca7421dffa8de5d0ed747ec45ca238d183a,,master,errored,1915,2013-11-10 01:17:59 UTC,13749846,13749847,push
13746607,e03a3a2880b88fc31c2c033c71b3c12bb28a1fe2,,master,failed,4409,2013-11-09 23:09:45 UTC,13746608,13746611,push
13721569,d4ce9fc843730950b5ac89edb02548fa6b9e8daf,,master,errored,4747,2013-11-09 07:51:30 UTC,13721570,13721571,push
13691626,c795e50184e56fbcf38de93f28028bc6264eace5,,master,errored,6004,2013-11-08 15:49:56 UTC,13691627,13691628,push
13667200,69fc1de5e38c54493e558c8312a1e2caab920370,,master,failed,4112,2013-11-08 03:14:08 UTC,13667201,13667202,push
13614032,61a34053f25c8e200c8abb8b96df55c1eef90dc2,,master,errored,223,2013-11-07 02:44:46 UTC,13614033,13614034,push
13611491,62c09c3d8ae9b5b2eaec3ae23602e6a2f4f4b056,,master,errored,254,2013-11-07 01:05:35 UTC,13611492,13611493,push
13568193,6b866d1d289ecf2f6f86f5127ff56148bfd73f40,,master,passed,4686,2013-11-06 08:08:25 UTC,13568194,13568195,push
13567613,17e896fc4536d7d3da74a163e2f05468b828263a,,master,passed,5457,2013-11-06 07:50:54 UTC,13567614,13567615,push
13564582,b29ed8bbfd586b795fcd3706dfd172de7f546c05,,master,passed,4032,2013-11-06 05:48:45 UTC,13564583,13564584,push
13560807,80ac5d9f59b510d7a60b51c748edc9343b2ef579,372,master,failed,4286,2013-11-06 03:14:14 UTC,13560808,13560809,pull_request
13498384,c13653068935640e541ac88784e8b349e64da134,,master,failed,1811,2013-11-04 23:27:41 UTC,13498385,13498386,push
13486215,b6a89253d5fccd253889609d4564e21a2c871d89,377,master,errored,6004,2013-11-04 18:49:55 UTC,13486216,13486217,pull_request
13451231,61a915a6afd480c126ad2e5747f3d4c310b2299b,,master,passed,3890,2013-11-03 23:43:35 UTC,13451232,13451233,push
13446456,0683f30f97d37001b59725b713125abdcd792127,372,master,failed,4264,2013-11-03 21:09:59 UTC,13446457,13446458,pull_request
13396176,2b5cf71dddd964af4f00c89cffb134f105b2bbdc,,master,errored,2696,2013-11-02 07:47:55 UTC,13396177,13396178,push
13391981,79456be8c5884bf9d4a80e8f123e12fb9b144979,,master,errored,2843,2013-11-02 02:14:50 UTC,13391982,13391983,push
13369970,3b620351e6cf8b8509f9218a90cc0fb70f8e0496,377,master,errored,2983,2013-11-01 15:56:58 UTC,13369971,13369972,pull_request
13369533,fd25f8ead2079a6c8a3233d45b3e4a9e41fb0417,377,master,errored,94,2013-11-01 15:47:54 UTC,13369534,13369535,pull_request
13367473,2d26935dc6648c94e138550d5a3bf82bc50376f9,377,master,errored,77,2013-11-01 15:04:11 UTC,13367474,13367475,pull_request
13345191,63000653344b797a5b533f3329bfcda0d474fbf2,,master,errored,1724,2013-11-01 00:15:43 UTC,13345192,13345193,push
13293182,0fec26605aba292bdc4d758d1482e2e1b3d9245d,,master,errored,5477,2013-10-31 00:30:10 UTC,13293183,13293184,push
13260260,b81e39440d49db04865c3045bc613e602340b035,452,master,errored,5938,2013-10-30 13:18:37 UTC,13260261,13260262,pull_request
13253251,1fd0e0cb45cfac5fbbb30765ea34ed911e5036b1,,master,errored,6005,2013-10-30 10:00:36 UTC,13253252,13253253,push
13130456,73d6a50d9e35ada11abcee85b22b9ec2a2569581,372,master,errored,6010,2013-10-27 23:14:37 UTC,13130457,13130458,pull_request
13124720,84a02c44541492fcf524832d04151f794ba3c81a,372,master,errored,5491,2013-10-27 20:20:37 UTC,13124721,13124722,pull_request
13056554,319db22c57204c8bba16ca49390848d445ff2614,,master,passed,5767,2013-10-25 19:24:20 UTC,13056555,13056556,push
13021900,b5398c88f2f86484f79632bf26ad2d9cbb4b9e64,,master,errored,175,2013-10-25 04:52:04 UTC,13021901,13021902,push
13012774,9692b2e0e968267fb95f33b411508d21d0fce9e9,,master,errored,6004,2013-10-24 22:53:04 UTC,13012775,13012776,push
13007254,0ebf3103fa29de280b6f8b15777da6531dbfa272,,master,errored,6004,2013-10-24 20:57:23 UTC,13007256,13007257,push
12972802,6ac009c025fd2391cb22cbf1a043d1da85020203,,master,errored,2121,2013-10-24 08:05:09 UTC,12972803,12972804,push
12971177,b50e67c0e72441f8afeed27c9063a36b00878101,447,master,errored,221,2013-10-24 07:09:45 UTC,12971178,12971179,pull_request
12968971,73a803dc3590b16c899de7d9d57b186b00ea2f54,,master,errored,5992,2013-10-24 05:33:01 UTC,12968972,12968973,push
12968409,94e75d3fa968c0d2cf890c1883ccbb2f21a391e3,,master,passed,5535,2013-10-24 05:08:34 UTC,12968410,12968411,push
12914398,e59f412bd2c4d1d5038c9f8451b7b1945eaf5058,,master,passed,5505,2013-10-23 03:53:36 UTC,12914399,12914400,push
12887800,0a375b76426f0ed05a3978eaa37ab80dcf67d3b6,444,master,errored,6004,2013-10-22 16:09:13 UTC,12887801,12887802,pull_request
12887001,8a865880c1b7e310fd02d593a45407b8a17843b4,,master,errored,6010,2013-10-22 15:55:55 UTC,12887002,12887003,push
12866032,4622ce8e6355f4b42c1d2f10c183bc49842aafc4,442,master,errored,6004,2013-10-22 07:23:49 UTC,12866033,12866034,pull_request
12865099,435eead679f44fb76c57ef86ecf42dd8efe85ef8,442,master,failed,3228,2013-10-22 06:42:46 UTC,12865100,12865101,pull_request
12857369,dd6cf2ad289130f6b1212eecc5b51f3a8dd1f1ed,,master,errored,6006,2013-10-22 01:16:51 UTC,12857370,12857371,push
12746585,8249be083d3eca287a2800d63e859c92db4c486d,442,master,errored,5715,2013-10-19 03:10:31 UTC,12746586,12746587,pull_request
12743476,76cae55abb8c81d1347838ef0d15697114b3ca2d,441,master,failed,3691,2013-10-19 00:13:30 UTC,12743477,12743478,pull_request
12702431,67bf106dcc7470e2d6b7ef94734f200885bf35ee,,master,errored,5888,2013-10-18 04:55:17 UTC,12702432,12702433,push
12647787,597a8f18feb69d0a87c97a67ecbbfb3c2f6ed3e8,,master,failed,3252,2013-10-17 01:31:05 UTC,12647788,12647789,push
12641486,868f08d2efc8f768101ff818b17cad551ac930f8,,master,errored,3582,2013-10-16 22:05:03 UTC,12641487,12641488,push
12636792,90c1109276186db400ef9d94549fae6788b78b21,,master,errored,3710,2013-10-16 20:18:58 UTC,12636794,12636795,push
12624835,7088f8cc1d8ef879d08767bbe2f0635fd4966da6,,master,errored,6004,2013-10-16 15:56:44 UTC,12624836,12624837,push
12596124,cb59afc15dd9cdceb69689548123d003f0596252,,master,errored,6004,2013-10-16 00:27:36 UTC,12596125,12596126,push
12595410,416aaaa2dcff7a99e85ab365215c5d974d452a01,,master,errored,3590,2013-10-16 00:08:10 UTC,12595411,12595412,push
12595088,f3786899a613ecd9f5a5e92fef07986ff548667d,,master,errored,6004,2013-10-15 23:58:21 UTC,12595089,12595090,push
12592162,655ed7a22dae369a0847c2fd1f47846a7fc05625,,master,failed,1996,2013-10-15 22:42:09 UTC,12592163,12592164,push
12592062,8deb86030ff6f403a4a5ba133ec26a47be7d6557,,master,errored,6005,2013-10-15 22:39:58 UTC,12592063,12592064,push
12589884,590368f007374df0c64d25cb68a2b4a1606fbee2,,master,errored,4130,2013-10-15 21:50:45 UTC,12589885,12589886,push
12583787,c7794ed5553021380695d05f381f0b47e62d5047,,master,errored,4021,2013-10-15 19:27:37 UTC,12583788,12583789,push
12583718,2cfd434658967e8f1cacb599f994218e06f747bf,,master,failed,1636,2013-10-15 19:25:43 UTC,12583719,12583720,push
12582780,5e4ee0f3403e7a2ef78d4d235b5fcfefce917bcb,,master,errored,5933,2013-10-15 18:59:31 UTC,12582781,12582782,push
12578742,c91e2ae2bd4d458e7a13c83bb205adc33cd961d8,,master,errored,3660,2013-10-15 17:10:42 UTC,12578743,12578744,push
12577463,6ba37d6656f5ab1753088ced7dd1888013384ef1,,master,errored,533,2013-10-15 16:39:46 UTC,12577464,12577465,push
12551708,4548f25d563a591afd37356e82f7e4076987005b,,master,passed,4873,2013-10-15 03:37:53 UTC,12551709,12551710,push
12540502,de5ed8fe8b9525d3a760033fc7a8e2877220b0fe,,master,failed,3901,2013-10-14 21:16:50 UTC,12540503,12540504,push
12534542,69a156e0249a0173b717cdade73db96a53321bcb,,master,passed,5771,2013-10-14 19:08:55 UTC,12534543,12534544,push
12533623,15a27a1688660953b7185afa61581461396699e5,,master,errored,4298,2013-10-14 18:48:01 UTC,12533624,12533625,push
12503476,b0d74dfb2deb074b47ed54e78938224162059edc,,master,passed,4823,2013-10-14 02:27:37 UTC,12503477,12503478,push
12478994,20c849f7b11c0f1492d1365d72ff4b66a3b2c548,,master,passed,4641,2013-10-13 09:05:28 UTC,12478995,12478996,push
12458380,99c3c6a87a120f0ec34b83eb1f890f538e12c9ed,,master,passed,5058,2013-10-12 14:52:56 UTC,12458381,12458382,push
12433354,863df755a196aa56c4934ff7a62afba02bdb9b0c,377,master,errored,3945,2013-10-11 19:28:49 UTC,12433355,12433356,pull_request
12424926,234fcb1f2d6f28bc9e10fc72bad9807899ab2498,,master,errored,6005,2013-10-11 15:54:07 UTC,12424927,12424928,push
12410576,3eb7097854247417ad81e910bde1b0dd27ec328c,,master,passed,5450,2013-10-11 10:08:21 UTC,12410577,12410579,push
12410435,0ea2e0838b61b951318a71480601987f0653d4e2,,master,errored,5677,2013-10-11 10:05:14 UTC,12410436,12410438,push
12401858,7b5082296fd15b07ca349acc7900659380cca238,372,master,passed,4931,2013-10-11 04:34:05 UTC,12401859,12401860,pull_request
12400496,7a43c5a90d53981ee79f0394df0bfe0f39de324a,,master,passed,4760,2013-10-11 03:14:58 UTC,12400497,12400498,push
12379611,6172a4817bf76a795987f7a552ee78255fe0f7c5,,master,errored,4232,2013-10-10 17:11:08 UTC,12379612,12379613,push
12377390,762defde7f84af5ff7670cb246ab00b285d39431,416,master,errored,5976,2013-10-10 16:24:35 UTC,12377391,12377392,pull_request
12368240,d01dd628c52af6458a0a0bebc4bb00969cd3b909,,master,errored,6005,2013-10-10 13:22:28 UTC,12368241,12368242,push
12364891,752ba074119df9d30339a2993a86a83b65c903d0,,master,errored,5634,2013-10-10 11:53:40 UTC,12364892,12364893,push
12354919,8b3ce7e5a22f070f9423a9840d48343b9fae46a8,,master,failed,5258,2013-10-10 06:18:45 UTC,12354920,12354921,push
12345457,622cd6dbb60b8b4651b6978bb5120996bf9f46ae,,master,passed,5149,2013-10-09 23:22:06 UTC,12345458,12345459,push
12340811,f1636150638d6321919b56294929e8129008e764,,master,errored,1055,2013-10-09 21:19:32 UTC,12340812,12340813,push
12327433,3ce428e0d3b50edab34ebae0f4d4e572e0e662b2,,master,passed,5881,2013-10-09 16:02:14 UTC,12327434,12327435,push
12323104,3ffc4a64cdb5e08668fe7b79df08af38a1d7c5d1,,master,errored,6004,2013-10-09 14:36:52 UTC,12323105,12323106,push
12305316,0d9da6630445f2f6a898515f5527cac95fa38c4a,,master,passed,4623,2013-10-09 04:56:18 UTC,12305317,12305318,push
12302622,2708127645fe12f758f7e84edc0538c1bf769675,,master,failed,915,2013-10-09 02:40:27 UTC,12302623,12302624,push
12300609,a23748f9fca464fc9d3b0952c89b55872c48e39b,,master,passed,5211,2013-10-09 01:26:47 UTC,12300610,12300611,push
12300284,ad6c72e7033b54a8bbf80b4ceddc91054c4792af,,master,errored,5331,2013-10-09 01:05:46 UTC,12300285,12300286,push
12298462,5f4e8bef2dffc828cc96bb6cb2d0a2b512694d57,,master,errored,5545,2013-10-08 23:58:30 UTC,12298463,12298464,push
12297335,0db4efcf78c0032501fea9d843f084a011368ab4,,master,failed,5762,2013-10-08 23:22:37 UTC,12297336,12297337,push
12296422,2a603e9f926673f9b02ceafcc9d7ce901d623ebf,,master,failed,5236,2013-10-08 22:51:19 UTC,12296423,12296424,push
12275331,f9762b839aa7f2b39d42fe8d1e02e4439e1ab637,,master,passed,5628,2013-10-08 13:52:41 UTC,12275332,12275333,push
12256989,3af8545b992cd5fb53328afcdb7bcba942f9358d,,master,failed,2726,2013-10-08 01:58:51 UTC,12256990,12256991,push
12256835,f5c6d7b3997444e4d7b464832597307415923de3,,master,failed,3126,2013-10-08 01:53:31 UTC,12256836,12256837,push
12241462,81f40a05ba4483e079329e94c92481e5bd3e532d,,master,errored,5622,2013-10-07 17:52:18 UTC,12241463,12241464,push
12197651,42adf83d24c220f68f88f67d585d893c2ded6c7b,,master,failed,2918,2013-10-06 15:01:06 UTC,12197652,12197653,push
12182205,26804bc475d7c4b3259191ecde27dfafe4cbd462,,master,passed,4157,2013-10-05 22:45:52 UTC,12182206,12182207,push
12168098,92731d0bd0e108362641045b0349d3baf3f2c3c8,,master,failed,2422,2013-10-05 14:06:12 UTC,12168099,12168100,push
12158604,cfecb0c85cf2539eb2bc01c90a83e7f3572d57d6,,master,failed,2291,2013-10-05 03:49:36 UTC,12158605,12158606,push
12099153,0abbf350c742477ae713b10b8f0d08b01678cc3a,,master,passed,5270,2013-10-03 16:16:58 UTC,12099154,12099155,push
12033612,a649b7a3d40eae5fb7cbbe6b37988a002b6a1ed2,,master,passed,5537,2013-10-02 01:15:41 UTC,12033613,12033614,push
12016784,5081dd4e1ad21196a97d3ec6bd6c736a80964a79,408,master,errored,5971,2013-10-01 16:29:33 UTC,12016785,12016786,pull_request
11996462,2444332ba9f69f2f19d5c547af829cab50b33eda,,master,passed,4724,2013-10-01 06:59:46 UTC,11996463,11996464,push
11979576,508da4289e64723f33e5cf7457fecd516d4673ca,,master,errored,3883,2013-09-30 20:31:54 UTC,11979578,11979581,push
11975185,8b1963b0e7b7ddbb262f03cbcddf205b6823662a,,master,failed,4238,2013-09-30 18:48:18 UTC,11975186,11975187,push
11972750,f4b9d190aea39932f8982ce5990b4c0ee6d185f8,,master,errored,484,2013-09-30 17:52:20 UTC,11972751,11972752,push
11952802,0e3816dab1ae8875231f81711dc0bd7e5d1bf42f,,master,passed,5028,2013-09-30 08:30:24 UTC,11952803,11952804,push
11950616,d42517c226f6a3b1517c29f6186d422f1b5d2661,,master,failed,2657,2013-09-30 06:59:23 UTC,11950617,11950618,push
11949129,8ebafa750a0c4aca29a05d3902e728f4c5f59203,397,master,passed,3626,2013-09-30 05:30:57 UTC,11949130,11949131,pull_request
11945453,fa7b9191b1ce1ce388abcb10cbe7e3014cf161aa,,master,passed,4131,2013-09-30 01:23:54 UTC,11945454,11945455,push
11940705,33e91409fc20e61335213450289140905a0d835a,,master,errored,6005,2013-09-29 21:40:37 UTC,11940706,11940707,push
11913169,639d431fac05dd1b8f6072a02d2f584052113b39,,master,errored,6004,2013-09-28 21:56:41 UTC,11913170,11913171,push
11902911,19f11cade5b072e559bd86b640fd96788e86e52f,,master,errored,6005,2013-09-28 14:55:27 UTC,11902912,11902913,push
11894426,814a5107c5858ef3d4411610feaed4cf74237eb5,,master,errored,6005,2013-09-28 06:30:38 UTC,11894427,11894428,push
11885218,05dd3ea9ef139bc499901fe5a46df22f58e87b4f,,master,errored,6004,2013-09-27 21:50:41 UTC,11885219,11885220,push
11851521,7d69240e324cb5c2bef71a25dc88fbead1697308,,master,errored,6005,2013-09-27 05:13:58 UTC,11851522,11851523,push
11848079,6e450f0fe4e0fb7db326ff3443cdb89f921b6932,390,master,passed,3874,2013-09-27 02:24:13 UTC,11848080,11848081,pull_request
11844464,88533f2b38196553e1475147edba186ed351ff08,377,master,errored,3507,2013-09-26 23:38:12 UTC,11844465,11844466,pull_request
11841934,959baf773c15e00560a874bc89c02c1d4116a76b,390,master,failed,3024,2013-09-26 22:05:41 UTC,11841935,11841936,pull_request
11808096,1749c4d32409de3bd4619844a6d331afbff1a17b,,master,failed,2732,2013-09-26 03:27:26 UTC,11808097,11808098,push
11769630,69ce5e9777eee89922bf385c22b37b0b337fc72d,,master,passed,4241,2013-09-25 09:08:18 UTC,11769631,11769632,push
11742213,92f7dab9f6e19edeb44cfdb312ea4416355c09b9,,master,passed,4562,2013-09-24 17:07:10 UTC,11742214,11742215,push
11733712,47e68436d8b81f5d8afd71f702b5784e90c20c15,377,master,errored,5881,2013-09-24 14:01:32 UTC,11733713,11733714,pull_request
11716554,b18a56dc22e797b84c0bac64ba83eb29ecc56ea7,372,master,failed,4301,2013-09-24 02:50:36 UTC,11716555,11716556,pull_request
11716216,adf6474e9cfd4cad0276d169510e20a714f23db7,372,master,failed,3659,2013-09-24 02:28:03 UTC,11716217,11716218,pull_request
11673597,eaefcd207d48b65fa9b347367c288a32f88b2544,,master,failed,2622,2013-09-23 03:03:39 UTC,11673600,11673601,push
11670160,4da929a21e5751705509b572267e9dcdd78d943b,377,master,passed,4711,2013-09-23 00:11:08 UTC,11670161,11670162,pull_request
11599320,f0c9468dd3e16779098faebc28f21c3fce834d4c,,master,failed,2938,2013-09-20 15:51:18 UTC,11599321,11599322,push
11372587,3648e77f6c9b6f826902d60aba2774f4f99a459e,372,master,failed,4241,2013-09-15 02:18:30 UTC,11372588,11372589,pull_request
11339652,6961aa8c13bba370070d7a6e14a6c1691ca9bb9c,,master,passed,5025,2013-09-13 21:04:30 UTC,11339653,11339654,push
11334567,30d1477a77ed09842a65478412d3f51057117b7e,,master,failed,5100,2013-09-13 18:40:12 UTC,11334568,11334569,push
11297168,7809245e2bc2da441c1dff33d56f1116a84cec0a,369,master,errored,3312,2013-09-12 20:10:46 UTC,11297169,11297170,11297171,pull_request
11149258,5a386c01c8740cf3e7bf6638a02f97868d2d972c,,master,errored,3013,2013-09-09 12:38:55 UTC,11149259,11149260,11149261,push
11134265,7c35074b63478d14cf2e79e10b6537460ce76074,,master,errored,4610,2013-09-08 23:22:22 UTC,11134266,11134267,11134268,push
11134258,b17224ca90d8a2c02478f635b8e995601cef5ccf,366,master,errored,2957,2013-09-08 23:22:08 UTC,11134259,11134260,11134261,pull_request
11108850,f89e9f0466dfdc00cce3dec0c740994ab587d95a,,master,errored,4307,2013-09-08 01:12:34 UTC,11108851,11108852,11108853,push
11108496,7e0d39612d57f420ac14e64d46db9a5aa2985aee,,master,errored,4252,2013-09-08 00:40:02 UTC,11108497,11108498,11108499,push
11108252,5e66929bfb03de67710298c994316c820050127b,,master,errored,4180,2013-09-08 00:24:07 UTC,11108253,11108254,11108255,push
11106009,8c075d95ed44e3ec55c2492056391f75b7048dbe,,master,errored,4365,2013-09-07 22:29:36 UTC,11106010,11106011,11106012,push
11105566,9c4c96c9f7a426da769ff578dee5e15fe4cff4e5,,master,failed,4163,2013-09-07 22:09:32 UTC,11105567,11105568,11105569,push
11019571,1240fc2593c8b30668d8107a6ca4e79ab19085e5,,master,failed,6143,2013-09-05 14:44:05 UTC,11019572,11019573,11019574,push
11005484,7d467c735021dccc8eccfd5e4761bbfa0dc46ede,364,master,failed,3229,2013-09-05 07:29:19 UTC,11005485,11005486,11005487,pull_request
10999713,f1679cdfb1c8d07b56057b50f0ca22171dd84182,362,master,failed,5480,2013-09-05 01:34:50 UTC,10999714,10999715,10999717,pull_request
10987374,46039ecae0a7d5595fd9b673c3a6acbc2768f8d3,,master,failed,4143,2013-09-04 19:06:20 UTC,10987375,10987376,10987377,push
10983746,18dd8bbe80839090d1f3b2ebf28f7a965c2fbe0a,,master,failed,959,2013-09-04 17:14:27 UTC,10983747,10983748,10983749,push
10983415,3111b7f394b7c246f76b55fe4bb1b8a7e58d30f4,,master,errored,827,2013-09-04 17:05:37 UTC,10983416,10983417,10983418,push
10472302,22500d4f32d6f1fe9f1fb056d55248ef7d35ec9e,,master,failed,5681,2013-08-21 22:25:33 UTC,10472303,10472304,10472305,push
10013990,185a222f801f27b5390458a564509997a944e156,,master,failed,5079,2013-08-09 04:25:05 UTC,10013991,10013992,10013993,push
10009928,5f13b10b95c6893d82ed1a61d2bce4a11b8b91ff,349,master,failed,5238,2013-08-09 00:39:04 UTC,10009929,10009930,10009931,pull_request
9985765,ca997b02f713ae2d8344ad438d36f4aeec3be4ca,,master,errored,4383,2013-08-08 13:11:24 UTC,9985766,9985767,9985768,push
9960753,64d2059348c045c7323b36f3499c5eead771f9ff,,master,failed,5911,2013-08-07 20:44:36 UTC,9960754,9960755,9960756,push
9883528,8fb076499347665d5c745461cdd5978b2bf9a11e,310,master,failed,5801,2013-08-06 00:58:27 UTC,9883529,9883530,9883531,pull_request
9883515,2ca589d2a99c8ffca6707c105fe55789a52f6e42,310,master,errored,4604,2013-08-06 00:58:04 UTC,9883516,9883517,9883518,pull_request
9881699,f4432878068cb809d88db1b6fd062c4993aecab5,,master,failed,5486,2013-08-05 23:34:53 UTC,9881700,9881701,9881702,push
9794960,0dcb705571ab1724882a639a3c7049014665a6db,310,master,errored,3590,2013-08-03 00:09:37 UTC,9794961,9794962,9794963,pull_request
9781037,e2e4ae2b248630b9324ebd9f285b40221cb35649,311,master,failed,5687,2013-08-02 16:01:34 UTC,9781038,9781039,9781040,pull_request
9756966,af848b37bf2e05ec581e4ae59ce9083ec2d18710,,master,failed,5195,2013-08-01 23:30:45 UTC,9756967,9756968,9756969,push
9736301,7382c4ee8a5ef60942442a9bf795de25baf0c622,344,master,failed,6751,2013-08-01 13:55:28 UTC,9736302,9736303,9736304,pull_request
9731166,de2bd3ff0fd62eda28d8441caa4b9771d4cc0071,,master,failed,5739,2013-08-01 11:17:26 UTC,9731167,9731168,9731169,push
9727964,ae98b794c58d0c1fac20ce84bc7c4f7cc35d42d7,,master,failed,4513,2013-08-01 09:31:21 UTC,9727965,9727966,9727967,push
9677882,691ba65865a0f13519d6cc3d26075878b34bd3b3,,master,failed,4902,2013-07-31 04:36:08 UTC,9677883,9677884,9677885,push
9677679,010ef7701b177981ca8e42b7d3b22423a000820d,,master,errored,15,2013-07-31 04:22:35 UTC,9677680,9677681,9677682,push
9614353,85f8f1b313857bc22ea22937bb72aef87fb80ca4,,master,errored,16,2013-07-29 17:51:26 UTC,9614354,9614355,9614356,push
9353727,ac3df6d73f7785193d562e44b05169c6edc2e1e1,,master,errored,6833,2013-07-22 14:16:20 UTC,9353728,9353729,9353730,push
9292963,6abd7587d94c4e778670b611826d3a25dec348a0,,master,errored,6392,2013-07-20 06:16:46 UTC,9292964,9292965,9292966,push
9292959,e7a534a3ed5a8d177fa760b9cdd9f3c4f6bf0341,327,master,errored,6472,2013-07-20 06:16:21 UTC,9292960,9292961,9292962,pull_request
9245400,5d82d6cab19eb505f72e06ab3884234e944a65dd,,master,errored,6539,2013-07-18 21:50:42 UTC,9245401,9245402,9245403,push
9157883,e1388ea5505a8cbc872b6c03c8ef3d0d58e8472c,,master,errored,6556,2013-07-16 22:05:59 UTC,9157884,9157885,9157886,push
8444188,56cefe891ac72dc7126618726827c2bb5b78766f,311,master,errored,731,2013-06-25 22:55:05 UTC,8444189,8444190,8444191,pull_request
8435490,c6f5c15259ecb4fc9edd6eb363df1f9cfd2fa042,310,master,errored,3860,2013-06-25 18:35:20 UTC,8435491,8435492,8435493,pull_request
8316786,659594c7db27ecba5e2e6a278deb7a09029d9517,,master,errored,6391,2013-06-21 16:35:55 UTC,8316787,8316788,8316789,push
8298938,a98f065880655a639e55401b41fc288fdc22f062,,master,failed,5188,2013-06-21 03:41:18 UTC,8298939,8298940,8298941,push
8223828,f8c3c374e87e5434a97eb9f22c937e1744f98561,,master,errored,7298,2013-06-19 04:20:45 UTC,8223829,8223830,8223831,push
8104265,f42b5d07a28089f6805be8887a39f0489440be1f,,master,errored,9006,2013-06-14 23:41:53 UTC,8104266,8104267,8104268,push
8100718,027caeb75002179fc0ab448d5c342f828eeb88ec,,master,failed,6272,2013-06-14 21:26:40 UTC,8100719,8100720,8100721,push
8085588,0b58264298b44f9088844d2fe899e1cf3b292b0f,303,master,errored,829,2013-06-14 12:59:06 UTC,8085590,8085592,8085593,pull_request
8063322,ed284010a805e4abe2e63beb98276c2ee2a9a3ec,,master,errored,1040,2013-06-13 19:35:46 UTC,8063323,8063324,8063325,push
7987891,65ff57f8d3f0f0c1502d3d5e2b9942ecf6a06eab,,master,errored,909,2013-06-11 15:55:40 UTC,7987892,7987893,7987894,push
7802696,542c544a1ae3ca1ff7070b0e7f20a5d03ef9fad8,299,master,failed,2461,2013-06-05 11:35:11 UTC,7802697,7802698,7802699,pull_request
7708421,6fdf65e6e014219d0c522c95f18d7040b690fc20,295,master,errored,8546,2013-06-02 13:31:48 UTC,7708422,7708423,7708424,pull_request
7533083,bcc354ca9964db5b78830e1f48d494fd9f940bdd,292,master,errored,6934,2013-05-27 13:01:17 UTC,7533084,7533085,7533086,pull_request
7379882,d4d51268cb2d5fb90c7f19f0e6759687cb864c16,,master,errored,8318,2013-05-22 03:12:21 UTC,7379883,7379884,7379885,push
7379878,78d4e9bdee56a1af5f86e998bd543e8444770d1e,282,master,errored,8678,2013-05-22 03:23:58 UTC,7379879,7379880,7379881,pull_request
7234305,02e3f571f772577c309f65cb8e9446f232793dae,,master,errored,4601,2013-05-16 21:39:56 UTC,7234307,7234309,7234310,push
6836426,bdab532f73c2f85d37ba1020b12c676c43458cf8,,master,failed,5188,2013-05-02 23:06:18 UTC,6836427,6836428,6836429,push
6825250,43cfc88ed7156a497ac80e5e90a0280708c4fea4,,master,passed,7113,2013-05-02 16:35:06 UTC,6825251,6825252,6825253,push
6547165,f691e84efc587302077e8b19b3f987ae033a9c75,234,master,errored,8334,2013-04-22 20:50:49 UTC,6547166,6547167,6547168,pull_request
6399789,649dbd458366b149cdbf2f8f6383997939cc807f,,master,errored,6848,2013-04-17 00:38:09 UTC,6399790,6399791,6399792,push
6314187,e2891985a3ae611fab7016eb4a8574dea7b7e246,,master,failed,4995,2013-04-13 19:40:25 UTC,6314188,6314189,6314190,push
6269723,0469a0c4aa3ba7d0de64ea4dd0b76b78bfa47e7a,218,master,passed,7024,2013-04-12 02:39:56 UTC,6269724,6269725,6269726,pull_request
6062253,3b27fc0318af0fe3056e30f5831769bdc4fc5f26,,master,passed,7620,2013-04-04 21:06:01 UTC,6062254,6062255,6062256,push
6060374,af257b157ab318b5c7809375eb35abf93b63cf47,,master,failed,6164,2013-04-04 20:06:21 UTC,6060375,6060376,6060377,push
6053546,b52d6874120d8925c5dc71e745be388913763745,,master,errored,5684,2013-04-04 15:41:50 UTC,6053547,6053548,6053549,push
5995933,66c5973c0a854e7847e3f4b52c57052b0df24d3d,,master,passed,6963,2013-04-02 19:36:41 UTC,5995934,5995935,5995936,push
5944664,848313d4dc52cf1b0e51746811dfe71ae631ed83,201,master,passed,6282,2013-03-31 21:21:45 UTC,5944665,5944666,5944667,pull_request
5938422,7ba4b426c78b7bb68fbb74b6dc77f0fb9405cac5,,master,failed,4724,2013-03-31 14:44:00 UTC,5938423,5938424,5938425,push
5913215,c150d0e05e116cb048aa7c8978d782a1895bcae7,,master,failed,5052,2013-03-30 01:09:46 UTC,5913217,5913219,5913220,push
5907866,f2d33d34d950389c70bfbc30705cec0d8df047cc,,master,passed,7306,2013-03-29 21:04:19 UTC,5907867,5907868,5907869,push
5900308,8f729641930a552a9d05433097bf55cdfd1ce980,,master,errored,6661,2013-03-29 16:06:28 UTC,5900309,5900310,5900311,push
5893820,06dc3f1432d691a3e479ee4f4c3dd70002f2201e,,master,failed,5262,2013-03-29 10:52:16 UTC,5893821,5893822,5893823,push
5892540,116cb72bd060a570f57e0897495c534e54097c58,,master,failed,4971,2013-03-29 09:25:29 UTC,5892541,5892542,5892543,push
5892394,41f65a55702f92954ee5dde79187a5f5461963b8,,master,failed,6221,2013-03-29 09:16:56 UTC,5892395,5892396,5892397,push
5891408,478ec77ee78c40eece1f13182ac56a92ce35e6ff,,master,failed,6539,2013-03-29 08:37:26 UTC,5891409,5891410,5891411,push
5891137,8045fb84ecd51f895063901bc117b14d710249df,,master,passed,6480,2013-03-29 08:20:31 UTC,5891138,5891139,5891140,push
5890889,86bf8288490114046d300d1b7d4df54e9dc6bb23,,master,passed,6455,2013-03-29 07:39:38 UTC,5890890,5890891,5890892,push
5890800,8c857fd0b35e6480b07d4746065f95206cbcbbdc,,master,passed,6221,2013-03-29 07:27:54 UTC,5890801,5890802,5890803,push
5890783,c94cc5596075a7ee4bec12ee3aca651520fc97f3,,master,failed,3398,2013-03-29 07:24:42 UTC,5890784,5890785,5890786,push
5890761,e8b76d92d9bf55196c426fa9b73c48978b4567e9,,master,passed,6188,2013-03-29 06:53:05 UTC,5890762,5890763,5890764,push
5890735,8ba5a88c61e4d5a980e7128472f986c3996277fc,,master,failed,4815,2013-03-29 06:50:43 UTC,5890736,5890737,5890738,push
5890401,e6f36591862c183c8b4be03d20d5dc559be41a73,,master,failed,3269,2013-03-29 06:10:27 UTC,5890402,5890403,5890404,push
5889965,b07878ea7d5459c36280bffea3a41cea0c96ce6a,,master,passed,6067,2013-03-29 05:25:48 UTC,5889966,5889967,5889968,push
5889934,50dd1ea95770e755ddb1d326d571a0a4b1edbb9e,,master,failed,5578,2013-03-29 05:22:58 UTC,5889935,5889936,5889937,push
5888228,813cd4e42f0cc2ca3b505b097bb883f771a3418f,,master,failed,5308,2013-03-29 02:53:44 UTC,5888229,5888230,5888231,push
5856042,c7daeb53727b4767bc4611377c295e3df65387bd,,master,failed,6847,2013-03-28 02:28:28 UTC,5856043,5856044,5856045,push
5843800,cefa1334ab5dcb133f1327da7bab593ce65d2c4f,,master,errored,7748,2013-03-27 16:16:59 UTC,5843801,5843802,5843803,push
5836616,c70e43967d3ad8158a31c5db520e0a9d63da3545,,master,passed,6744,2013-03-27 11:56:18 UTC,5836617,5836618,5836619,push
5824396,9438b5e9580ab85fc335821d9ff657023978bbcb,,master,passed,7142,2013-03-26 22:21:13 UTC,5824397,5824398,5824399,push
5823105,3e9ad15ed47512233d3af9a1e2d0f0bca07ccad3,,master,passed,6612,2013-03-26 21:26:25 UTC,5823107,5823112,5823114,push
5820796,e87a48a7111572bbd6ece264e13871c48fa36890,,master,errored,7884,2013-03-26 19:51:19 UTC,5820797,5820798,5820799,push
5819794,6b161e08532b4624c9f90e7f93dc2d8cd86fe0af,,master,errored,3843,2013-03-26 19:18:27 UTC,5819795,5819796,5819797,push
5818106,ee078f321827f1a87e5ff82fc49dc74e2b746ae7,,master,errored,4874,2013-03-26 18:16:27 UTC,5818107,5818108,5818109,push
5818013,fc340489ba3c6dc5d7fb495f0ae706ff33e10166,,master,failed,5106,2013-03-26 18:13:18 UTC,5818014,5818015,5818016,push
5794888,a18c3d7297c81147d0fdf619ba0d4a85fc408726,,master,errored,3926,2013-03-25 22:40:34 UTC,5794889,5794890,5794891,push
5794699,531f32882a439a7b98fd06b3b420b22f3d0cafd2,,master,failed,6225,2013-03-25 22:31:58 UTC,5794700,5794701,5794702,push
5747293,ac96cc0afd5ddfca76ff1ff5683bd2cc1d522ad8,,master,passed,6763,2013-03-23 21:09:58 UTC,5747294,5747295,5747296,push
5745456,8cc984c24c0d5189e33defaae022612077247a37,185,master,passed,6729,2013-03-23 19:16:15 UTC,5745457,5745458,5745459,pull_request
5717423,5d3d28f2f3fb429a3820994ce883efd6a138230d,,master,failed,7637,2013-03-22 14:50:35 UTC,5717424,5717425,5717426,push
5709281,e4922b2e14e45f0ae8ce2360996c01202aca6fb3,,master,failed,6225,2013-03-22 08:31:29 UTC,5709282,5709283,5709284,push
5707706,a3fe630e07a40128caa7d32f3b335c7489ec3d4b,,master,passed,5824,2013-03-22 06:17:17 UTC,5707707,5707708,5707709,push
5699846,3b864a1df2530e8e4d6dda4b276adc36e99b3927,,master,errored,6733,2013-03-21 21:47:21 UTC,5699847,5699848,5699849,push
5698815,264625bb62cc82ab2c2e79903ac3bf0686ac3db9,,master,passed,6717,2013-03-21 21:11:31 UTC,5698816,5698817,5698818,push
5696500,d03b656058b16fea7fab26ea9e6dffc957ef10cc,,master,failed,5433,2013-03-21 19:51:25 UTC,5696501,5696502,5696503,push
5695297,e4cdd60dfeae3179314fd63a6c86ba6542bca58e,,master,errored,6700,2013-03-21 18:57:53 UTC,5695298,5695299,5695300,push
5690946,9a86143647f6dece762bbda7f4ef3fdc8e56fe5f,,master,errored,8137,2013-03-21 16:03:30 UTC,5690947,5690948,5690949,push
5672767,2eb9bd5c4215464da33f6ad27a35f1c2d98f0d14,,master,failed,5183,2013-03-20 22:52:23 UTC,5672768,5672769,5672770,push
5662069,1380d3616f303d77786f687bb50b1c203b2e18fb,,master,failed,7242,2013-03-20 16:31:24 UTC,5662070,5662071,5662072,push
5647129,4a7c60d596021e477eff86cb2591b2a2faf0af09,178,master,passed,6846,2013-03-20 04:04:00 UTC,5647130,5647131,5647132,pull_request
5645795,97a3b6dc6e34d51ad9862e014059182dfe8e56bb,,master,errored,1835,2013-03-20 02:32:29 UTC,5645796,5645797,5645798,push
5642269,93929a327e7489c410d27a766ee829ef400c3675,,master,errored,1833,2013-03-19 23:09:28 UTC,5642270,5642271,5642272,push
5609324,1dd0870b7cdc5580e211dd60e3e7e6203372a3c1,181,master,passed,4896,2013-03-18 22:22:18 UTC,5609325,5609326,5609327,pull_request
5608039,62ca1d0824abdc5871f7db54eac125363bba7cf4,,master,failed,4553,2013-03-18 21:43:26 UTC,5608040,5608041,5608042,push
5587501,047f626f5582a3a4c910a24c95beb5956e6b6f0b,178,master,failed,6822,2013-03-18 07:21:22 UTC,5587502,5587503,5587504,pull_request
5542945,ba70b6deee2fc904bc351b55e2eaf8ba26c98634,,master,passed,4868,2013-03-16 02:51:56 UTC,5542946,5542947,5542948,push
5538746,6e33195cc8c706c5fc5e816cac8128206efd9857,,master,failed,4979,2013-03-15 22:01:44 UTC,5538747,5538748,5538749,push
5515824,eb1980d82dc967ac2839827dcdef79c3c6bbf613,178,master,errored,5854,2013-03-15 01:42:40 UTC,5515825,5515826,5515827,pull_request
5372223,d6ce9dca5e7d23660ee7a3c4eacfb7ba4c009c6c,,master,failed,3573,2013-03-09 20:17:28 UTC,5372224,5372225,5372226,push
5332990,921520c1235944e425c81516b4c166a2e7758a37,,master,failed,3408,2013-03-08 02:52:38 UTC,5332991,5332992,5332993,push
5332291,d830a6f21f2e5ca50a3e092a7699f103a3c3d99a,,master,failed,4791,2013-03-08 02:07:39 UTC,5332292,5332293,5332294,push
5332236,73c6aeee94251fc0d3ac3247a762b03b58ac4651,171,master,failed,3988,2013-03-08 02:06:18 UTC,5332237,5332238,5332239,pull_request
5331510,9dd84e1e9eb5cb68011455371d2a1b98b8d990cb,171,master,passed,5139,2013-03-08 01:26:09 UTC,5331511,5331512,5331513,pull_request
5308639,3487f1eadea00c8b784758adbef07ef9e6e0deb4,,master,passed,4673,2013-03-07 09:19:13 UTC,5308640,5308641,5308643,push
5292359,6f1ed4481d253912e969550461f0f30f15d727aa,,master,passed,5899,2013-03-06 19:09:13 UTC,5292360,5292361,5292362,push
5290798,1f230cf8243020cea3fa0c17e009a2c642d0f23e,,master,errored,1837,2013-03-06 18:10:55 UTC,5290799,5290800,5290801,push
5249918,e1d712db8156cdd27680017a433293f09b0299e4,168,master,passed,4614,2013-03-05 09:45:38 UTC,5249919,5249920,5249921,pull_request
5094690,14292f0ade5a8b97d4ead86abe170a6d9348aba8,,master,passed,4501,2013-02-27 06:55:53 UTC,5094691,5094692,5094693,push
5090347,4c94cb8dc2aad380e708761d67253d4b7abe735f,164,master,passed,4857,2013-02-27 01:39:42 UTC,5090348,5090349,5090350,pull_request
5081836,5b91ba19bfb6f2690389a3d9e9f79d4a6b2b0e53,,master,passed,5340,2013-02-26 20:16:15 UTC,5081837,5081838,5081839,push
5037073,93d8f3e3986479d743ec84fc6c1aa68e0262a1b9,,master,passed,4507,2013-02-25 09:58:18 UTC,5037074,5037075,5037076,push
4994601,4af9f63215ab4d5a8b2bbc274e28923f6e709dac,162,master,passed,4870,2013-02-23 02:57:23 UTC,4994602,4994603,4994604,pull_request
4925485,4f0b52d4281f824ece8fc44c71193ea03ce5d2f4,,master,failed,2804,2013-02-20 10:18:29 UTC,4925486,4925487,4925488,push
4845027,8ad988503a769319bfeaf9badab20bb681be5c4a,,master,errored,657,2013-02-16 23:23:05 UTC,4845028,4845029,4845030,push
4844966,5fafe91a1a9c268cffd3a71455236a161f314e54,,master,errored,648,2013-02-16 23:20:23 UTC,4844967,4844968,4844969,push
4844912,1f3b5b31513fff032f8b37026d7129213e0826ed,157,master,errored,736,2013-02-16 23:15:15 UTC,4844913,4844914,4844915,pull_request
4786524,889b63a376f0ae7ef4da7a7f77c9a5548f6bd192,,master,errored,1833,2013-02-14 06:01:02 UTC,4786525,4786526,4786527,push
4783504,318de9733e17709c96c71f5f6dc1b194f3b0de14,,master,errored,1841,2013-02-14 02:10:46 UTC,4783505,4783506,4783507,push
4783232,32a36feb6ab6af3abad1c9f5d4a7d411e6ce616c,155,master,failed,3832,2013-02-14 01:57:42 UTC,4783233,4783234,4783235,pull_request
4778562,f86aa3e15d8584571c009bafdb327e964f201e89,,master,passed,4459,2013-02-13 22:04:38 UTC,4778563,4778564,4778565,push
4778535,b330e645e2cf909ce257cb9291594913b1cdc528,,master,failed,3748,2013-02-13 22:03:59 UTC,4778536,4778537,4778538,push
4759982,6c9805bf9030987afdbe269aaf6663ee6398761c,154,master,failed,2612,2013-02-13 02:07:19 UTC,4759983,4759984,4759985,pull_request
4577545,a345a9f104e3ce23fe567415b5bbc1a2bc82bb7d,150,master,passed,4494,2013-02-04 20:32:51 UTC,4577546,4577547,4577548,pull_request
4418431,2acbf827aca75c65380851dfff34901e88a2f37c,,master,failed,3338,2013-01-27 22:43:37 UTC,4418432,4418433,4418434,push
4412243,baebedd9f1efe4882392d398f0d427d5a20467cd,,master,failed,4440,2013-01-27 15:23:54 UTC,4412244,4412245,4412246,push
4406364,69eaa88406c05f55bf7bb92fde224f173d516c72,,master,failed,3604,2013-01-27 03:46:32 UTC,4406365,4406366,4406367,push
4300195,a1bcc85c9b145bba0a3154131818318f19acd391,,master,errored,1027,2013-01-22 07:01:48 UTC,4300196,4300197,4300198,push
4291943,c6621d0461bb4b19a3d3493be239e1f2a3719a8e,141,master,errored,1039,2013-01-21 21:38:03 UTC,4291944,4291945,4291946,pull_request
4241813,e7fd2b5928fdadc84c77dc92034de9a82b54c94b,,master,errored,1024,2013-01-18 23:57:15 UTC,4241814,4241815,4241816,push
4219413,d1beb7753aa4dd7f25db3937d1d2fe2556738987,,master,errored,1032,2013-01-17 22:32:54 UTC,4219414,4219415,4219416,push
4156913,47af98fd9e3b0d1800a5ced9052b93556df1a9de,,master,failed,4485,2013-01-15 02:34:51 UTC,4156914,4156915,4156916,push
4084191,2fa24432b5164b6f1ddf0091af292ed365f38b30,,master,passed,4163,2013-01-11 06:43:33 UTC,4084192,4084193,4084194,push
4082894,506d59a3dfc9792b33e132bcb11d930f718cc4cb,,master,passed,4282,2013-01-11 04:24:37 UTC,4082895,4082896,4082897,push
4080859,b81364cd9835324bc115b86543db54b71d044e03,,master,failed,4919,2013-01-11 01:41:14 UTC,4080860,4080861,4080862,push
4080486,e095a7595cfe57c3faa2675db63e218cfa4fe471,,master,passed,4126,2013-01-11 01:10:46 UTC,4080487,4080488,4080489,push
4080193,7a67ad5525cc9c65c583f032b2b50b5ab10dc89e,,master,failed,4503,2013-01-11 00:47:20 UTC,4080194,4080195,4080196,push
4060891,12c1a7a6718925a58f619c80f07a63320274fd55,,master,failed,2388,2013-01-10 06:38:06 UTC,4060892,4060893,4060894,push
4060566,2daffba7ee3e1c30d200e3f9fd44f09e7ad687b0,,master,passed,3984,2013-01-10 06:20:12 UTC,4060567,4060568,4060569,push
4060086,5d362b94f096e141f6cc405d5253d7f3f3516454,131,master,passed,3937,2013-01-10 05:32:47 UTC,4060087,4060088,4060089,pull_request
4018774,c9dc3fe4b49a413c50400235f8e6e35ad72e2b03,131,master,failed,4108,2013-01-08 09:10:52 UTC,4018775,4018776,4018777,pull_request
3979085,833b6c957165655d31406950f1ea836c75e3db61,131,master,passed,4227,2013-01-06 02:08:27 UTC,3979086,3979087,3979088,pull_request
3966719,00a3bbf99c37ed23bfae710d6868774752b4735e,131,master,failed,1478,2013-01-05 09:08:36 UTC,3966720,3966721,3966722,pull_request
3961308,667972923564fadffd2328708a6c38b67d7cdf47,,master,failed,3734,2013-01-04 23:30:43 UTC,3961309,3961310,3961311,push
3956539,4a940ce0f024923cdb8d133b461288dc3b4085ed,,master,failed,1539,2013-01-04 18:40:23 UTC,3956540,3956541,3956542,push
3956257,ae15683f30b52b053cb7c62c6bd9162e374f62a4,,master,failed,1452,2013-01-04 18:21:15 UTC,3956258,3956259,3956260,push
3942980,8cae701582051f3235804469c89e6092b18bafba,,master,failed,4741,2013-01-04 00:27:36 UTC,3942981,3942982,3942983,push
3940684,16a7dccc0e7fada6e0fd6e17680a7ea09e193c68,,master,failed,4949,2013-01-03 22:15:37 UTC,3940685,3940686,3940687,push
3867104,49ba8937e6f10105554a1e0d9c27d8b98b2f05b8,126,master,failed,4881,2012-12-29 06:17:50 UTC,3867105,3867106,3867107,pull_request
3802165,a9c737cf4703f2e650ad790c091d2a9000305000,,master,failed,4563,2012-12-24 01:41:20 UTC,3802166,3802167,3802168,push
3802098,374a237326889b9212a32d97f5e025939950458c,,master,failed,4700,2012-12-24 01:30:32 UTC,3802099,3802100,3802101,push
3802014,cecbfd2250e212fe2c76313f5fa46faf0609344e,,master,failed,4623,2012-12-24 01:18:41 UTC,3802015,3802016,3802017,push
3801741,971941f55832969cec8e88a2b773ffa3c818e1c7,,master,failed,3437,2012-12-24 00:32:46 UTC,3801742,3801743,3801744,push
3801542,01d5a0394848b885f2c5ab8c0ded95b7e52f1359,,master,failed,4535,2012-12-23 23:56:51 UTC,3801543,3801544,3801545,push
3801406,626371612bd2a877845a214916058f5c4adeadd1,,master,failed,4584,2012-12-23 23:36:13 UTC,3801407,3801408,3801409,push
3797972,7928e983042dad1ea0e9767046356a3cf085a62f,,master,failed,5026,2012-12-23 17:58:43 UTC,3797973,3797974,3797975,push
3796931,d41c68ab3a4581f81fc1e840abcceba922a497b2,,master,failed,4856,2012-12-23 16:30:55 UTC,3796932,3796933,3796934,push
3793691,27228d1b9ce08fbfd7443931ef62020b1dd2ca7b,,master,failed,3386,2012-12-23 10:31:38 UTC,3793692,3793693,3793694,push
3774619,816af4976c05f671cf2ad029755d39f37a79e887,,master,failed,4633,2012-12-21 12:55:26 UTC,3774620,3774621,3774622,push
3769148,6098905a3ce3339804ac1f558ff920b931551a51,,master,failed,4912,2012-12-21 02:01:48 UTC,3769149,3769150,3769151,push
3726431,2f0c0e9b9cee141fdf7caf3c34daca27392d8050,,master,failed,5035,2012-12-18 19:30:36 UTC,3726432,3726433,3726434,push
3726221,5185da263358ad823fd3014fda483c9f10c30cb7,,master,failed,5378,2012-12-18 19:16:36 UTC,3726222,3726223,3726224,push
3724378,fce9b4c3658300fa5a2a6dae1db4ba88fba0756b,,master,failed,5219,2012-12-18 17:04:35 UTC,3724379,3724380,3724381,push
3712935,161e34060cbcc024687019a7686c739a04c2481d,,master,failed,4972,2012-12-18 00:22:16 UTC,3712936,3712937,3712938,push
3686749,3d8c3f9c2ce6e308c00e5bd958da0245d15acf56,,master,failed,4788,2012-12-16 09:07:19 UTC,3686750,3686751,3686752,push
3686156,66660328f204199b3b9fd83a222e72785e68e511,,master,failed,4702,2012-12-16 06:56:41 UTC,3686157,3686158,3686159,push
3686090,4e7f22058f01a12bec4f7b2e6d61ee84b5940c15,,master,failed,4627,2012-12-16 06:38:27 UTC,3686091,3686092,3686093,push
3685953,db07b21bba823c6dfd01ee540ee6646b24653034,,master,failed,1952,2012-12-16 06:03:27 UTC,3685954,3685955,3685956,push
3683776,531d573dd0e9b558fbb17987e4b61f8ab7759f49,,master,failed,1956,2012-12-15 23:35:29 UTC,3683777,3683778,3683779,push
3626605,57004ad3e5bf5170a764fbb379024a832b244647,,master,failed,4611,2012-12-12 11:19:40 UTC,3626606,3626607,3626608,push
3404129,f642f2ffff6c47f68e5fe75d6a57a17f3deab45b,,master,passed,6074,2012-11-28 17:24:41 UTC,3404130,3404131,3404132,push
3217621,26bbee89f169c89334baf92b54894fa17230d5d4,,master,failed,4760,2012-11-15 19:57:54 UTC,3217622,3217623,3217624,push
3217136,a27597dcd607cc40a3797071f22db15ff1a2e170,,master,failed,4828,2012-11-15 19:16:48 UTC,3217137,3217138,3217139,push
3119692,355888937d168f3b2d71f7a3c1de25d8476623b5,,master,passed,4495,2012-11-08 22:23:09 UTC,3119693,3119694,3119695,push
3103990,a9aab2130ec7dada6c8f0d90d6d3e12e158022af,,master,passed,4866,2012-11-07 22:30:30 UTC,3103991,3103992,3103993,push
3051565,de943378bb7605ac01e2de5bd034ed6b5aca0eac,,master,passed,4690,2012-11-04 02:11:52 UTC,3051566,3051567,3051568,push
3013280,c58394910ae8ba85ba1b98bfeace94595fe66ef3,,master,passed,4467,2012-11-01 02:30:58 UTC,3013281,3013282,3013283,push
3013002,c58394910ae8ba85ba1b98bfeace94595fe66ef3,,master,failed,4499,2012-11-01 01:58:06 UTC,3013003,3013004,3013005,push
2991361,b630c3283a0bdff098672fe82033b605eb08c9db,,master,passed,4710,2012-10-30 17:52:10 UTC,2991362,2991363,2991364,push
2903823,22a6b519631c1ddc53d523e3acda0a0b8ee2d843,,master,passed,6007,2012-10-23 18:55:39 UTC,2903824,2903825,2903826,push
2903541,59466978c05624f0c21b8831d6897c6b041a585e,,master,failed,4693,2012-10-23 18:38:14 UTC,2903542,2903543,2903544,push
2831937,226b6e63f10db5097ac6eca290434a6a5d45f3a6,,master,failed,4226,2012-10-17 21:46:54 UTC,2831938,2831939,2831940,push
2645614,da8901bcea96f225bc445f4e13289b0f04e18e14,,master,failed,4753,2012-10-03 02:41:59 UTC,2645615,2645616,2645617,push
2640654,31c2a1dbe191ebdf711719ec85d5632d67c876ca,,master,passed,5112,2012-10-02 18:32:07 UTC,2640655,2640656,2640657,push
2602997,bbd4d46a21bf8e3da7b051a632e4fdc969c8579c,,master,passed,5227,2012-09-28 23:36:36 UTC,2602998,2602999,2603000,push
2511879,31cc2c67ef87156a11d8b642378d59c08545bb82,,master,passed,4748,2012-09-20 00:06:51 UTC,2511880,2511881,2511882,push
2486768,c6d2a80b41c71036ee9af0ba69fb63268a06ec5f,,master,passed,4281,2012-09-18 00:38:27 UTC,2486769,2486770,2486771,push
2455218,8eda3c48ef2851b0a42fcd7f8531f18ab950bcf5,,master,passed,4348,2012-09-14 21:18:17 UTC,2455219,2455220,2455221,push
2455169,40577576f612b1b30064eb2097b52791b8c5c22e,,master,passed,4506,2012-09-14 21:15:08 UTC,2455170,2455171,2455172,push
2363431,38b70fe4708eee2fb5b8646613f8e62777c9c0b0,,master,failed,1441,2012-09-07 01:19:46 UTC,2363432,2363433,2363434,push
2362869,d507b352502ead855c953c65a8bd061268d53d8d,,master,failed,1382,2012-09-06 23:22:22 UTC,2362870,2362871,2362872,push
2360164,e17930614388c52b757eadfcf81f5e22ed5a9cb8,,master,failed,1562,2012-09-06 18:30:43 UTC,2360165,2360166,2360167,push
2359710,2e821d22bda14da6bbf0d01db6b028ffa24e88d5,,master,failed,1510,2012-09-06 17:40:57 UTC,2359711,2359712,2359713,push
2352984,cff5799d2f8f46146d33d53d6c88e08bcd572d01,,master,failed,1217,2012-09-06 04:56:15 UTC,2352985,2352986,2352987,push
2352968,2cbb559c69c77329a31d1f3229dc0146009d52c5,,master,failed,1438,2012-09-06 04:54:16 UTC,2352969,2352970,2352971,push
2351904,cd5f5364c2ec6c9b6588f8b8cdddbe3e7021c82b,,master,failed,672,2012-09-06 02:24:16 UTC,2351905,2351906,2351907,push
2351815,30f66b4ae5e8374918819bf28f4db863ceda6850,,master,failed,542,2012-09-06 01:15:45 UTC,2351816,2351817,2351818,push
2351060,6ba2c67b8caa538878ec345b49631f485d34fd5c,77,master,failed,1669,2012-09-05 23:36:14 UTC,2351061,2351062,2351063,pull_request
2347400,682b8cccd18af99268a2b9ea910386db34040856,,master,failed,467,2012-09-05 18:04:22 UTC,2347401,2347402,2347403,push
2335886,16f0884da292460ea08b703c5a032b705fec6aff,77,master,failed,1700,2012-09-04 20:05:43 UTC,2335887,2335888,2335889,pull_request
2313426,58c516d907ccccf9a9155a5d07a35805909ec506,,master,failed,1586,2012-09-02 19:59:47 UTC,2313427,2313428,2313429,push
2222187,7ba3f6bf116814b6df5b536b5f38688d0734a64a,63,master,passed,3807,2012-08-24 06:38:01 UTC,2222188,2222189,2222190,pull_request
2216464,c7cd2321d7b96013ebf0a6df7970bccddb44abc9,61,master,failed,589,2012-08-23 18:34:02 UTC,2216465,2216466,2216467,pull_request
2144454,8aeead5e6ef53226eba07ac0f407e905a96d8cf9,,master,failed,2528,2012-08-16 18:42:24 UTC,2144455,2144456,2144457,push
2140465,017df033c80e8b093ccd27368ec1db14c6032905,56,master,passed,3091,2012-08-16 11:08:30 UTC,2140466,2140467,2140468,pull_request
2140419,ff8936184b5f6bba38b7c646c85102bb025231a9,56,master,failed,2746,2012-08-16 10:58:47 UTC,2140420,2140421,2140422,pull_request
2140193,4d07bee8f508fdb8a3c4a6f43fed967ffd2300e9,56,master,passed,3237,2012-08-16 10:31:33 UTC,2140194,2140195,2140196,pull_request
2137582,405c12f1ada4bbec4eba4fd9b4ed7c06e3efda0b,,master,failed,2280,2012-08-16 01:44:05 UTC,2137583,2137584,2137585,push
2137410,01d9cee0bfca49e81d2b815ce2fb940342b402b1,,master,failed,2823,2012-08-16 01:23:51 UTC,2137411,2137412,2137413,push
2137282,de60b455106878bc17d56290eb6bf084af26dfc8,,master,passed,3091,2012-08-16 01:08:07 UTC,2137283,2137284,2137285,push
2137260,c5079d015a777f32aaf011ba728e867745d34d48,,master,failed,2799,2012-08-16 00:57:37 UTC,2137261,2137262,2137263,push
2137204,6dc2e394ef0e2523a0d29b9adf3dffc742be5612,,master,passed,3068,2012-08-16 00:40:48 UTC,2137205,2137206,2137207,push
2137140,c3a850dfeedd5b0513a330cb6b0282bb424e05b2,,master,passed,3263,2012-08-16 00:33:45 UTC,2137141,2137142,2137143,push
2132418,e5026c2ba35a94b7aba69ebb2e5de11f2ce378ef,53,master,failed,1386,2012-08-15 17:03:01 UTC,2132419,2132420,2132421,pull_request
2128768,a755059c5cd457eb84267fabc4ecb3b7366fccad,53,master,failed,3644,2012-08-15 09:54:06 UTC,2128769,2128770,2128771,pull_request
2122129,d14f929485e2bf814e545518ac1c2ec4539af833,,master,passed,3248,2012-08-14 18:43:20 UTC,2122130,2122131,2122132,push
2120133,ea1cbaf62e41504f277b10583b7801831608e08a,52,master,passed,3554,2012-08-14 15:46:24 UTC,2120134,2120135,2120136,pull_request
2115757,62c7fabc1444e591e3d9aaae92eca48d73267c38,,master,passed,3422,2012-08-14 06:08:45 UTC,2115758,2115759,2115760,push
2109520,09294ffe921a79eeca09e1f0563550d385f492d9,50,master,failed,3425,2012-08-13 15:39:23 UTC,2109521,2109522,2109523,pull_request
1918856,138763e74bb48eb57e6b494ca2d1ea590b7935bd,,master,passed,3486,2012-07-21 03:29:50 UTC,1918857,1918858,1918859,push
1918793,b17e76e2acb0213349c37496fedee0e027ec261c,,master,failed,2417,2012-07-21 03:00:08 UTC,1918794,1918795,1918796,push
1838912,75955ba33c66dca25bf4ace08efbabffd9ba7e80,,master,passed,3830,2012-07-11 18:47:13 UTC,1838913,1838914,1838915,push
1766825,b3feef652c321d87cb16c9aed37c4ceaa2950821,,master,passed,2234,2012-07-03 13:50:47 UTC,1766826,1766827,1766828,push
1724328,0497786af900a66b266506d924288ef49d749962,,titan0.1,failed,2252,2012-06-27 21:56:13 UTC,1724329,1724330,1724331,push
1722610,b3feef652c321d87cb16c9aed37c4ceaa2950821,,master,passed,1859,2012-06-27 18:07:33 UTC,1722611,1722612,1722613,push
1712370,43a214591385b132f2f1dd9ea7ef86f46c35aafa,,master,passed,1793,2012-06-26 16:10:41 UTC,1712371,1712372,1712373,push
1712329,c6d3501e1cb520dbb60043edebbc947bb30fd791,,master,failed,232,2012-06-26 16:09:08 UTC,1712330,1712331,1712332,push
1706337,a22776e320ccecb5339c1c3cb38dfbe85b45e4ab,,master,passed,1794,2012-06-26 02:59:13 UTC,1706338,1706339,1706340,push
1706310,dc33ea27764eabdaeda27cfdeef2cc23190a6aa9,,master,passed,1802,2012-06-26 02:52:44 UTC,1706311,1706312,1706313,push
1706295,e533ab70574700dcf5bb3593a57d6d712b11d817,,titan0.1,failed,251,2012-06-26 02:49:59 UTC,1706296,1706297,1706298,push
1706207,1fb7205d25cadc109c8dced23ae67f059750d7bf,,titan0.1,failed,18,2012-06-25 23:19:55 UTC,1706208,push
1706199,17ce04b904af87dff53783cc4de6031134ea2b81,,master,failed,1584,2012-06-26 02:08:22 UTC,1706200,1706201,1706202,push
1705516,ba7ef1f7d3123a111fdbb1f45a4ff9c5899f0b52,,gpars,passed,1969,2012-06-25 23:04:45 UTC,1705517,1705518,1705519,push
1695592,11c0b78c7e1f26da814cf2c8a868c12b8601aa47,,master,failed,1846,2012-06-24 18:38:57 UTC,1695593,1695594,1695595,push
1695406,85498fba98727cc853db44c09217fe885fe38f7e,,titan0.1,failed,18,2012-06-24 18:29:30 UTC,1695407,push
1693133,995bcb422f0002c02ffa0d9a0a42b840275fa0f6,,master,failed,3187,2012-06-24 09:12:50 UTC,1693134,1693135,1693136,push
1686244,bc1e73742882df152df3fc4e41ab3a90754e1292,,master,passed,2099,2012-06-23 00:18:28 UTC,1686245,1686246,1686247,push
1676327,303302d24decb75524a30f794f77e8b36f23d903,,master,passed,1782,2012-06-21 18:26:13 UTC,1676328,1676329,1676330,push
1675736,ac430e605bff43c07ccf1448f6322249cadac977,,master,passed,677,2012-06-21 16:57:45 UTC,1675737,push
1659417,8c6f8d81b1650acc345a6e133ad5f17b3c82eacf,,master,passed,670,2012-06-19 21:38:54 UTC,1659418,push
